site,date,scientific_name,count,lat,lon,zone,mean_temperature,mean_salinity
lower_ross,2026-05-01T00:00:00Z,Acanthopagrus spp.,4,-19.26,146.81,Downstream,23.79136504946197,28.352806027266535
lower_ross,2026-05-01T00:00:00Z,Lates calcarifer,6,-19.26,146.81,Downstream,23.79136504946197,28.352806027266535
lower_ross,2026-05-01T00:00:00Z,Lutjanus argentimaculatus,3,-19.26,146.81,Downstream,23.79136504946197,28.352806027266535
lower_ross,2026-05-01T00:00:00Z,Platycephalus spp.,2,-19.26,146.81,Downstream,23.79136504946197,28.352806027266535
lower_ross,2026-05-02T00:00:00Z,Acanthopagrus spp.,3,-19.26,146.81,Downstream,23.98099216983851,27.741220418886996
lower_ross,2026-05-02T00:00:00Z,Lates calcarifer,1,-19.26,146.81,Downstream,23.98099216983851,27.741220418886996
lower_ross,2026-05-02T00:00:00Z,Lutjanus argentimaculatus,1,-19.26,146.81,Downstream,23.98099216983851,27.741220418886996
lower_ross,2026-05-02T00:00:00Z,Platycephalus spp.,3,-19.26,146.81,Downstream,23.98099216983851,27.741220418886996
lower_ross,2026-05-03T00:00:00Z,Acanthopagrus spp.,0,-19.26,146.81,Downstream,24.171595896529613,28.058155460002077
lower_ross,2026-05-03T00:00:00Z,Lates calcarifer,0,-19.26,146.81,Downstream,24.171595896529613,28.058155460002077
lower_ross,2026-05-03T00:00:00Z,Lutjanus argentimaculatus,2,-19.26,146.81,Downstream,24.171595896529613,28.058155460002077
lower_ross,2026-05-03T00:00:00Z,Platycephalus spp.,3,-19.26,146.81,Downstream,24.171595896529613,28.058155460002077
lower_ross,2026-05-04T00:00:00Z,Acanthopagrus spp.,4,-19.26,146.81,Downstream,24.012069097843682,28.226922740328284
lower_ross,2026-05-04T00:00:00Z,Lates calcarifer,1,-19.26,146.81,Downstream,24.012069097843682,28.226922740328284
lower_ross,2026-05-04T00:00:00Z,Lutjanus argentimaculatus,8,-19.26,146.81,Downstream,24.012069097843682,28.226922740328284
lower_ross,2026-05-04T00:00:00Z,Platycephalus spp.,1,-19.26,146.81,Downstream,24.012069097843682,28.226922740328284
lower_ross,2026-05-05T00:00:00Z,Acanthopagrus spp.,1,-19.26,146.81,Downstream,23.895427491354866,27.642294803984715
lower_ross,2026-05-05T00:00:00Z,Lates calcarifer,1,-19.26,146.81,Downstream,23.895427491354866,27.642294803984715
lower_ross,2026-05-05T00:00:00Z,Lutjanus argentimaculatus,2,-19.26,146.81,Downstream,23.895427491354866,27.642294803984715
lower_ross,2026-05-05T00:00:00Z,Platycephalus spp.,2,-19.26,146.81,Downstream,23.895427491354866,27.642294803984715
lower_ross,2026-05-06T00:00:00Z,Acanthopagrus spp.,2,-19.26,146.81,Downstream,23.993539994090387,28.17765868428939
lower_ross,2026-05-06T00:00:00Z,Lates calcarifer,4,-19.26,146.81,Downstream,23.993539994090387,28.17765868428939
lower_ross,2026-05-06T00:00:00Z,Lutjanus argentimaculatus,2,-19.26,146.81,Downstream,23.993539994090387,28.17765868428939
lower_ross,2026-05-06T00:00:00Z,Platycephalus spp.,3,-19.26,146.81,Downstream,23.993539994090387,28.17765868428939
lower_ross,2026-05-07T00:00:00Z,Acanthopagrus spp.,2,-19.26,146.81,Downstream,23.990107879945302,27.563433573467663
lower_ross,2026-05-07T00:00:00Z,Lates calcarifer,1,-19.26,146.81,Downstream,23.990107879945302,27.563433573467663
lower_ross,2026-05-07T00:00:00Z,Lutjanus argentimaculatus,1,-19.26,146.81,Downstream,23.990107879945302,27.563433573467663
lower_ross,2026-05-07T00:00:00Z,Platycephalus spp.,1,-19.26,146.81,Downstream,23.990107879945302,27.563433573467663
lower_ross,2026-05-08T00:00:00Z,Acanthopagrus spp.,3,-19.26,146.81,Downstream,24.025633778695813,27.981765193742316
lower_ross,2026-05-08T00:00:00Z,Lates calcarifer,2,-19.26,146.81,Downstream,24.025633778695813,27.981765193742316
lower_ross,2026-05-08T00:00:00Z,Lutjanus argentimaculatus,0,-19.26,146.81,Downstream,24.025633778695813,27.981765193742316
lower_ross,2026-05-08T00:00:00Z,Platycephalus spp.,2,-19.26,146.81,Downstream,24.025633778695813,27.981765193742316
lower_ross,2026-05-09T00:00:00Z,Acanthopagrus spp.,0,-19.26,146.81,Downstream,24.01827487939419,27.834216270447538
lower_ross,2026-05-09T00:00:00Z,Lates calcarifer,3,-19.26,146.81,Downstream,24.01827487939419,27.834216270447538
lower_ross,2026-05-09T00:00:00Z,Lutjanus argentimaculatus,1,-19.26,146.81,Downstream,24.01827487939419,27.834216270447538
lower_ross,2026-05-09T00:00:00Z,Platycephalus spp.,1,-19.26,146.81,Downstream,24.01827487939419,27.834216270447538
lower_ross,2026-05-10T00:00:00Z,Acanthopagrus spp.,5,-19.26,146.81,Downstream,23.92005585108578,28.128189624555063
lower_ross,2026-05-10T00:00:00Z,Lates calcarifer,0,-19.26,146.81,Downstream,23.92005585108578,28.128189624555063
lower_ross,2026-05-10T00:00:00Z,Lutjanus argentimaculatus,5,-19.26,146.81,Downstream,23.92005585108578,28.128189624555063
lower_ross,2026-05-10T00:00:00Z,Platycephalus spp.,3,-19.26,146.81,Downstream,23.92005585108578,28.128189624555063
lower_ross,2026-05-11T00:00:00Z,Acanthopagrus spp.,0,-19.26,146.81,Downstream,23.842215702142,27.7744366360446
lower_ross,2026-05-11T00:00:00Z,Lates calcarifer,2,-19.26,146.81,Downstream,23.842215702142,27.7744366360446
lower_ross,2026-05-11T00:00:00Z,Lutjanus argentimaculatus,4,-19.26,146.81,Downstream,23.842215702142,27.7744366360446
lower_ross,2026-05-11T00:00:00Z,Platycephalus spp.,3,-19.26,146.81,Downstream,23.842215702142,27.7744366360446
lower_ross,2026-05-12T00:00:00Z,Acanthopagrus spp.,3,-19.26,146.81,Downstream,23.95661793126447,28.524079593461323
lower_ross,2026-05-12T00:00:00Z,Lates calcarifer,1,-19.26,146.81,Downstream,23.95661793126447,28.524079593461323
lower_ross,2026-05-12T00:00:00Z,Lutjanus argentimaculatus,2,-19.26,146.81,Downstream,23.95661793126447,28.524079593461323
lower_ross,2026-05-12T00:00:00Z,Platycephalus spp.,2,-19.26,146.81,Downstream,23.95661793126447,28.524079593461323
lower_ross,2026-05-13T00:00:00Z,Acanthopagrus spp.,1,-19.26,146.81,Downstream,24.06877188616034,27.68330305903476
lower_ross,2026-05-13T00:00:00Z,Lates calcarifer,1,-19.26,146.81,Downstream,24.06877188616034,27.68330305903476
lower_ross,2026-05-13T00:00:00Z,Lutjanus argentimaculatus,2,-19.26,146.81,Downstream,24.06877188616034,27.68330305903476
lower_ross,2026-05-13T00:00:00Z,Platycephalus spp.,3,-19.26,146.81,Downstream,24.06877188616034,27.68330305903476
lower_ross,2026-05-14T00:00:00Z,Acanthopagrus spp.,4,-19.26,146.81,Downstream,24.09286838638203,27.876970194980228
lower_ross,2026-05-14T00:00:00Z,Lates calcarifer,4,-19.26,146.81,Downstream,24.09286838638203,27.876970194980228
lower_ross,2026-05-14T00:00:00Z,Lutjanus argentimaculatus,2,-19.26,146.81,Downstream,24.09286838638203,27.876970194980228
lower_ross,2026-05-14T00:00:00Z,Platycephalus spp.,4,-19.26,146.81,Downstream,24.09286838638203,27.876970194980228
lower_ross,2026-05-15T00:00:00Z,Acanthopagrus spp.,1,-19.26,146.81,Downstream,23.922994225092886,27.86715586110185
lower_ross,2026-05-15T00:00:00Z,Lates calcarifer,1,-19.26,146.81,Downstream,23.922994225092886,27.86715586110185
lower_ross,2026-05-15T00:00:00Z,Lutjanus argentimaculatus,3,-19.26,146.81,Downstream,23.922994225092886,27.86715586110185
lower_ross,2026-05-15T00:00:00Z,Platycephalus spp.,3,-19.26,146.81,Downstream,23.922994225092886,27.86715586110185
lower_ross,2026-05-16T00:00:00Z,Acanthopagrus spp.,1,-19.26,146.81,Downstream,23.994487919540045,28.435777809448908
lower_ross,2026-05-16T00:00:00Z,Lates calcarifer,0,-19.26,146.81,Downstream,23.994487919540045,28.435777809448908
lower_ross,2026-05-16T00:00:00Z,Lutjanus argentimaculatus,0,-19.26,146.81,Downstream,23.994487919540045,28.435777809448908
lower_ross,2026-05-16T00:00:00Z,Platycephalus spp.,0,-19.26,146.81,Downstream,23.994487919540045,28.435777809448908
lower_ross,2026-05-17T00:00:00Z,Acanthopagrus spp.,2,-19.26,146.81,Downstream,23.925658299268143,27.673530206395103
lower_ross,2026-05-17T00:00:00Z,Lates calcarifer,2,-19.26,146.81,Downstream,23.925658299268143,27.673530206395103
lower_ross,2026-05-17T00:00:00Z,Lutjanus argentimaculatus,4,-19.26,146.81,Downstream,23.925658299268143,27.673530206395103
lower_ross,2026-05-17T00:00:00Z,Platycephalus spp.,2,-19.26,146.81,Downstream,23.925658299268143,27.673530206395103
lower_ross,2026-05-18T00:00:00Z,Acanthopagrus spp.,4,-19.26,146.81,Downstream,24.32838282661718,27.65589966852805
lower_ross,2026-05-18T00:00:00Z,Lates calcarifer,1,-19.26,146.81,Downstream,24.32838282661718,27.65589966852805
lower_ross,2026-05-18T00:00:00Z,Lutjanus argentimaculatus,2,-19.26,146.81,Downstream,24.32838282661718,27.65589966852805
lower_ross,2026-05-18T00:00:00Z,Platycephalus spp.,3,-19.26,146.81,Downstream,24.32838282661718,27.65589966852805
lower_ross,2026-05-19T00:00:00Z,Acanthopagrus spp.,4,-19.26,146.81,Downstream,23.94674887580552,28.222700375011254
lower_ross,2026-05-19T00:00:00Z,Lates calcarifer,1,-19.26,146.81,Downstream,23.94674887580552,28.222700375011254
lower_ross,2026-05-19T00:00:00Z,Lutjanus argentimaculatus,2,-19.26,146.81,Downstream,23.94674887580552,28.222700375011254
lower_ross,2026-05-19T00:00:00Z,Platycephalus spp.,1,-19.26,146.81,Downstream,23.94674887580552,28.222700375011254
lower_ross,2026-05-20T00:00:00Z,Acanthopagrus spp.,3,-19.26,146.81,Downstream,23.908173725713574,27.884357964574143
lower_ross,2026-05-20T00:00:00Z,Lates calcarifer,2,-19.26,146.81,Downstream,23.908173725713574,27.884357964574143
lower_ross,2026-05-20T00:00:00Z,Lutjanus argentimaculatus,1,-19.26,146.81,Downstream,23.908173725713574,27.884357964574143
lower_ross,2026-05-20T00:00:00Z,Platycephalus spp.,2,-19.26,146.81,Downstream,23.908173725713574,27.884357964574143
lower_ross,2026-05-21T00:00:00Z,Acanthopagrus spp.,1,-19.26,146.81,Downstream,23.776508238376735,28.160288063655834
lower_ross,2026-05-21T00:00:00Z,Lates calcarifer,0,-19.26,146.81,Downstream,23.776508238376735,28.160288063655834
lower_ross,2026-05-21T00:00:00Z,Lutjanus argentimaculatus,1,-19.26,146.81,Downstream,23.776508238376735,28.160288063655834
lower_ross,2026-05-21T00:00:00Z,Platycephalus spp.,1,-19.26,146.81,Downstream,23.776508238376735,28.160288063655834
lower_ross,2026-05-22T00:00:00Z,Acanthopagrus spp.,3,-19.26,146.81,Downstream,24.068289634768327,27.929489075464662
lower_ross,2026-05-22T00:00:00Z,Lates calcarifer,1,-19.26,146.81,Downstream,24.068289634768327,27.929489075464662
lower_ross,2026-05-22T00:00:00Z,Lutjanus argentimaculatus,1,-19.26,146.81,Downstream,24.068289634768327,27.929489075464662
lower_ross,2026-05-22T00:00:00Z,Platycephalus spp.,2,-19.26,146.81,Downstream,24.068289634768327,27.929489075464662
lower_ross,2026-05-23T00:00:00Z,Acanthopagrus spp.,1,-19.26,146.81,Downstream,23.83016792530409,28.035283017065318
lower_ross,2026-05-23T00:00:00Z,Lates calcarifer,2,-19.26,146.81,Downstream,23.83016792530409,28.035283017065318
lower_ross,2026-05-23T00:00:00Z,Lutjanus argentimaculatus,3,-19.26,146.81,Downstream,23.83016792530409,28.035283017065318
lower_ross,2026-05-23T00:00:00Z,Platycephalus spp.,1,-19.26,146.81,Downstream,23.83016792530409,28.035283017065318
lower_ross,2026-05-24T00:00:00Z,Acanthopagrus spp.,0,-19.26,146.81,Downstream,24.14239799904327,28.28462308395766
lower_ross,2026-05-24T00:00:00Z,Lates calcarifer,1,-19.26,146.81,Downstream,24.14239799904327,28.28462308395766
lower_ross,2026-05-24T00:00:00Z,Lutjanus argentimaculatus,0,-19.26,146.81,Downstream,24.14239799904327,28.28462308395766
lower_ross,2026-05-24T00:00:00Z,Platycephalus spp.,3,-19.26,146.81,Downstream,24.14239799904327,28.28462308395766
lower_ross,2026-05-25T00:00:00Z,Acanthopagrus spp.,3,-19.26,146.81,Downstream,24.116530387906476,28.8650293040616
lower_ross,2026-05-25T00:00:00Z,Lates calcarifer,2,-19.26,146.81,Downstream,24.116530387906476,28.8650293040616
lower_ross,2026-05-25T00:00:00Z,Lutjanus argentimaculatus,2,-19.26,146.81,Downstream,24.116530387906476,28.8650293040616
lower_ross,2026-05-25T00:00:00Z,Platycephalus spp.,1,-19.26,146.81,Downstream,24.116530387906476,28.8650293040616
lower_ross,2026-05-26T00:00:00Z,Acanthopagrus spp.,0,-19.26,146.81,Downstream,23.96428437254915,28.004352707935183
lower_ross,2026-05-26T00:00:00Z,Lates calcarifer,2,-19.26,146.81,Downstream,23.96428437254915,28.004352707935183
lower_ross,2026-05-26T00:00:00Z,Lutjanus argentimaculatus,1,-19.26,146.81,Downstream,23.96428437254915,28.004352707935183
lower_ross,2026-05-26T00:00:00Z,Platycephalus spp.,2,-19.26,146.81,Downstream,23.96428437254915,28.004352707935183
lower_ross,2026-05-27T00:00:00Z,Acanthopagrus spp.,2,-19.26,146.81,Downstream,24.089746547140894,27.773056943097792
lower_ross,2026-05-27T00:00:00Z,Lates calcarifer,3,-19.26,146.81,Downstream,24.089746547140894,27.773056943097792
lower_ross,2026-05-27T00:00:00Z,Lutjanus argentimaculatus,1,-19.26,146.81,Downstream,24.089746547140894,27.773056943097792
lower_ross,2026-05-27T00:00:00Z,Platycephalus spp.,2,-19.26,146.81,Downstream,24.089746547140894,27.773056943097792
lower_ross,2026-05-28T00:00:00Z,Acanthopagrus spp.,0,-19.26,146.81,Downstream,24.205480379998768,28.134447880770466
lower_ross,2026-05-28T00:00:00Z,Lates calcarifer,0,-19.26,146.81,Downstream,24.205480379998768,28.134447880770466
lower_ross,2026-05-28T00:00:00Z,Lutjanus argentimaculatus,2,-19.26,146.81,Downstream,24.205480379998768,28.134447880770466
lower_ross,2026-05-28T00:00:00Z,Platycephalus spp.,3,-19.26,146.81,Downstream,24.205480379998768,28.134447880770466
lower_ross,2026-05-29T00:00:00Z,Acanthopagrus spp.,2,-19.26,146.81,Downstream,24.18519027091467,27.101187665372326
lower_ross,2026-05-29T00:00:00Z,Lates calcarifer,3,-19.26,146.81,Downstream,24.18519027091467,27.101187665372326
lower_ross,2026-05-29T00:00:00Z,Lutjanus argentimaculatus,1,-19.26,146.81,Downstream,24.18519027091467,27.101187665372326
lower_ross,2026-05-29T00:00:00Z,Platycephalus spp.,3,-19.26,146.81,Downstream,24.18519027091467,27.101187665372326
lower_ross,2026-05-30T00:00:00Z,Acanthopagrus spp.,1,-19.26,146.81,Downstream,24.075024894470435,27.4147777706922
lower_ross,2026-05-30T00:00:00Z,Lates calcarifer,0,-19.26,146.81,Downstream,24.075024894470435,27.4147777706922
lower_ross,2026-05-30T00:00:00Z,Lutjanus argentimaculatus,1,-19.26,146.81,Downstream,24.075024894470435,27.4147777706922
lower_ross,2026-05-30T00:00:00Z,Platycephalus spp.,1,-19.26,146.81,Downstream,24.075024894470435,27.4147777706922
mid_ross,2026-05-01T00:00:00Z,Acanthopagrus spp.,2,-19.28,146.78,Middle,24.225220695949808,14.910436325269885
mid_ross,2026-05-01T00:00:00Z,Lates calcarifer,4,-19.28,146.78,Middle,24.225220695949808,14.910436325269885
mid_ross,2026-05-01T00:00:00Z,Lutjanus argentimaculatus,2,-19.28,146.78,Middle,24.225220695949808,14.910436325269885
mid_ross,2026-05-01T00:00:00Z,Platycephalus spp.,3,-19.28,146.78,Middle,24.225220695949808,14.910436325269885
mid_ross,2026-05-02T00:00:00Z,Acanthopagrus spp.,2,-19.28,146.78,Middle,23.977502022637854,14.861152396032598
mid_ross,2026-05-02T00:00:00Z,Lates calcarifer,0,-19.28,146.78,Middle,23.977502022637854,14.861152396032598
mid_ross,2026-05-02T00:00:00Z,Lutjanus argentimaculatus,1,-19.28,146.78,Middle,23.977502022637854,14.861152396032598
mid_ross,2026-05-02T00:00:00Z,Platycephalus spp.,3,-19.28,146.78,Middle,23.977502022637854,14.861152396032598
mid_ross,2026-05-03T00:00:00Z,Acanthopagrus spp.,1,-19.28,146.78,Middle,23.97181604013466,15.045618529424154
mid_ross,2026-05-03T00:00:00Z,Lates calcarifer,3,-19.28,146.78,Middle,23.97181604013466,15.045618529424154
mid_ross,2026-05-03T00:00:00Z,Lutjanus argentimaculatus,2,-19.28,146.78,Middle,23.97181604013466,15.045618529424154
mid_ross,2026-05-03T00:00:00Z,Platycephalus spp.,0,-19.28,146.78,Middle,23.97181604013466,15.045618529424154
mid_ross,2026-05-04T00:00:00Z,Acanthopagrus spp.,1,-19.28,146.78,Middle,24.134712904419608,15.587256960132589
mid_ross,2026-05-04T00:00:00Z,Lates calcarifer,5,-19.28,146.78,Middle,24.134712904419608,15.587256960132589
mid_ross,2026-05-04T00:00:00Z,Lutjanus argentimaculatus,1,-19.28,146.78,Middle,24.134712904419608,15.587256960132589
mid_ross,2026-05-04T00:00:00Z,Platycephalus spp.,2,-19.28,146.78,Middle,24.134712904419608,15.587256960132589
mid_ross,2026-05-05T00:00:00Z,Acanthopagrus spp.,3,-19.28,146.78,Middle,23.839262951137307,15.006174764709199
mid_ross,2026-05-05T00:00:00Z,Lates calcarifer,1,-19.28,146.78,Middle,23.839262951137307,15.006174764709199
mid_ross,2026-05-05T00:00:00Z,Lutjanus argentimaculatus,1,-19.28,146.78,Middle,23.839262951137307,15.006174764709199
mid_ross,2026-05-05T00:00:00Z,Platycephalus spp.,1,-19.28,146.78,Middle,23.839262951137307,15.006174764709199
mid_ross,2026-05-06T00:00:00Z,Acanthopagrus spp.,2,-19.28,146.78,Middle,23.93323067671643,14.701228413431634
mid_ross,2026-05-06T00:00:00Z,Lates calcarifer,4,-19.28,146.78,Middle,23.93323067671643,14.701228413431634
mid_ross,2026-05-06T00:00:00Z,Lutjanus argentimaculatus,2,-19.28,146.78,Middle,23.93323067671643,14.701228413431634
mid_ross,2026-05-06T00:00:00Z,Platycephalus spp.,2,-19.28,146.78,Middle,23.93323067671643,14.701228413431634
mid_ross,2026-05-07T00:00:00Z,Acanthopagrus spp.,4,-19.28,146.78,Middle,24.213599954699568,14.760380015690885
mid_ross,2026-05-07T00:00:00Z,Lates calcarifer,1,-19.28,146.78,Middle,24.213599954699568,14.760380015690885
mid_ross,2026-05-07T00:00:00Z,Lutjanus argentimaculatus,2,-19.28,146.78,Middle,24.213599954699568,14.760380015690885
mid_ross,2026-05-07T00:00:00Z,Platycephalus spp.,4,-19.28,146.78,Middle,24.213599954699568,14.760380015690885
mid_ross,2026-05-08T00:00:00Z,Acanthopagrus spp.,1,-19.28,146.78,Middle,23.932199493309643,14.230540422895057
mid_ross,2026-05-08T00:00:00Z,Lates calcarifer,2,-19.28,146.78,Middle,23.932199493309643,14.230540422895057
mid_ross,2026-05-08T00:00:00Z,Lutjanus argentimaculatus,4,-19.28,146.78,Middle,23.932199493309643,14.230540422895057
mid_ross,2026-05-08T00:00:00Z,Platycephalus spp.,3,-19.28,146.78,Middle,23.932199493309643,14.230540422895057
mid_ross,2026-05-09T00:00:00Z,Acanthopagrus spp.,4,-19.28,146.78,Middle,24.004035696870314,15.047721432418484
mid_ross,2026-05-09T00:00:00Z,Lates calcarifer,1,-19.28,146.78,Middle,24.004035696870314,15.047721432418484
mid_ross,2026-05-09T00:00:00Z,Lutjanus argentimaculatus,2,-19.28,146.78,Middle,24.004035696870314,15.047721432418484
mid_ross,2026-05-09T00:00:00Z,Platycephalus spp.,0,-19.28,146.78,Middle,24.004035696870314,15.047721432418484
mid_ross,2026-05-10T00:00:00Z,Acanthopagrus spp.,2,-19.28,146.78,Middle,23.959741668018836,14.966334578966283
mid_ross,2026-05-10T00:00:00Z,Lates calcarifer,2,-19.28,146.78,Middle,23.959741668018836,14.966334578966283
mid_ross,2026-05-10T00:00:00Z,Lutjanus argentimaculatus,2,-19.28,146.78,Middle,23.959741668018836,14.966334578966283
mid_ross,2026-05-10T00:00:00Z,Platycephalus spp.,4,-19.28,146.78,Middle,23.959741668018836,14.966334578966283
mid_ross,2026-05-11T00:00:00Z,Acanthopagrus spp.,4,-19.28,146.78,Middle,24.06565533077728,15.415319821214739
mid_ross,2026-05-11T00:00:00Z,Lates calcarifer,2,-19.28,146.78,Middle,24.06565533077728,15.415319821214739
mid_ross,2026-05-11T00:00:00Z,Lutjanus argentimaculatus,0,-19.28,146.78,Middle,24.06565533077728,15.415319821214739
mid_ross,2026-05-11T00:00:00Z,Platycephalus spp.,1,-19.28,146.78,Middle,24.06565533077728,15.415319821214739
mid_ross,2026-05-12T00:00:00Z,Acanthopagrus spp.,2,-19.28,146.78,Middle,24.02426727043186,15.035548044925136
mid_ross,2026-05-12T00:00:00Z,Lates calcarifer,0,-19.28,146.78,Middle,24.02426727043186,15.035548044925136
mid_ross,2026-05-12T00:00:00Z,Lutjanus argentimaculatus,3,-19.28,146.78,Middle,24.02426727043186,15.035548044925136
mid_ross,2026-05-12T00:00:00Z,Platycephalus spp.,2,-19.28,146.78,Middle,24.02426727043186,15.035548044925136
mid_ross,2026-05-13T00:00:00Z,Acanthopagrus spp.,1,-19.28,146.78,Middle,24.165981227972555,15.208018708475986
mid_ross,2026-05-13T00:00:00Z,Lates calcarifer,1,-19.28,146.78,Middle,24.165981227972555,15.208018708475986
mid_ross,2026-05-13T00:00:00Z,Lutjanus argentimaculatus,3,-19.28,146.78,Middle,24.165981227972555,15.208018708475986
mid_ross,2026-05-13T00:00:00Z,Platycephalus spp.,4,-19.28,146.78,Middle,24.165981227972555,15.208018708475986
mid_ross,2026-05-14T00:00:00Z,Acanthopagrus spp.,5,-19.28,146.78,Middle,23.820059450784242,15.105711772338054
mid_ross,2026-05-14T00:00:00Z,Lates calcarifer,4,-19.28,146.78,Middle,23.820059450784242,15.105711772338054
mid_ross,2026-05-14T00:00:00Z,Lutjanus argentimaculatus,2,-19.28,146.78,Middle,23.820059450784242,15.105711772338054
mid_ross,2026-05-14T00:00:00Z,Platycephalus spp.,2,-19.28,146.78,Middle,23.820059450784242,15.105711772338054
mid_ross,2026-05-15T00:00:00Z,Acanthopagrus spp.,1,-19.28,146.78,Middle,23.838979187999797,14.264804195394598
mid_ross,2026-05-15T00:00:00Z,Lates calcarifer,4,-19.28,146.78,Middle,23.838979187999797,14.264804195394598
mid_ross,2026-05-15T00:00:00Z,Lutjanus argentimaculatus,4,-19.28,146.78,Middle,23.838979187999797,14.264804195394598
mid_ross,2026-05-15T00:00:00Z,Platycephalus spp.,4,-19.28,146.78,Middle,23.838979187999797,14.264804195394598
mid_ross,2026-05-16T00:00:00Z,Acanthopagrus spp.,1,-19.28,146.78,Middle,24.259440770025357,14.95164993105056
mid_ross,2026-05-16T00:00:00Z,Lates calcarifer,2,-19.28,146.78,Middle,24.259440770025357,14.95164993105056
mid_ross,2026-05-16T00:00:00Z,Lutjanus argentimaculatus,3,-19.28,146.78,Middle,24.259440770025357,14.95164993105056
mid_ross,2026-05-16T00:00:00Z,Platycephalus spp.,1,-19.28,146.78,Middle,24.259440770025357,14.95164993105056
mid_ross,2026-05-17T00:00:00Z,Acanthopagrus spp.,2,-19.28,146.78,Middle,24.171332886794428,14.590073120710644
mid_ross,2026-05-17T00:00:00Z,Lates calcarifer,3,-19.28,146.78,Middle,24.171332886794428,14.590073120710644
mid_ross,2026-05-17T00:00:00Z,Lutjanus argentimaculatus,2,-19.28,146.78,Middle,24.171332886794428,14.590073120710644
mid_ross,2026-05-17T00:00:00Z,Platycephalus spp.,4,-19.28,146.78,Middle,24.171332886794428,14.590073120710644
mid_ross,2026-05-18T00:00:00Z,Acanthopagrus spp.,1,-19.28,146.78,Middle,23.989106080063593,15.106644310104112
mid_ross,2026-05-18T00:00:00Z,Lates calcarifer,1,-19.28,146.78,Middle,23.989106080063593,15.106644310104112
mid_ross,2026-05-18T00:00:00Z,Lutjanus argentimaculatus,3,-19.28,146.78,Middle,23.989106080063593,15.106644310104112
mid_ross,2026-05-18T00:00:00Z,Platycephalus spp.,4,-19.28,146.78,Middle,23.989106080063593,15.106644310104112
mid_ross,2026-05-19T00:00:00Z,Acanthopagrus spp.,0,-19.28,146.78,Middle,24.187580068386577,14.265796804794437
mid_ross,2026-05-19T00:00:00Z,Lates calcarifer,3,-19.28,146.78,Middle,24.187580068386577,14.265796804794437
mid_ross,2026-05-19T00:00:00Z,Lutjanus argentimaculatus,3,-19.28,146.78,Middle,24.187580068386577,14.265796804794437
mid_ross,2026-05-19T00:00:00Z,Platycephalus spp.,1,-19.28,146.78,Middle,24.187580068386577,14.265796804794437
mid_ross,2026-05-20T00:00:00Z,Acanthopagrus spp.,1,-19.28,146.78,Middle,23.873749487811704,15.237257152410258
mid_ross,2026-05-20T00:00:00Z,Lates calcarifer,3,-19.28,146.78,Middle,23.873749487811704,15.237257152410258
mid_ross,2026-05-20T00:00:00Z,Lutjanus argentimaculatus,3,-19.28,146.78,Middle,23.873749487811704,15.237257152410258
mid_ross,2026-05-20T00:00:00Z,Platycephalus spp.,3,-19.28,146.78,Middle,23.873749487811704,15.237257152410258
mid_ross,2026-05-21T00:00:00Z,Acanthopagrus spp.,0,-19.28,146.78,Middle,23.96132482314796,14.646427629419426
mid_ross,2026-05-21T00:00:00Z,Lates calcarifer,1,-19.28,146.78,Middle,23.96132482314796,14.646427629419426
mid_ross,2026-05-21T00:00:00Z,Lutjanus argentimaculatus,0,-19.28,146.78,Middle,23.96132482314796,14.646427629419426
mid_ross,2026-05-21T00:00:00Z,Platycephalus spp.,4,-19.28,146.78,Middle,23.96132482314796,14.646427629419426
mid_ross,2026-05-22T00:00:00Z,Acanthopagrus spp.,1,-19.28,146.78,Middle,23.9340908529739,14.748287285851493
mid_ross,2026-05-22T00:00:00Z,Lates calcarifer,2,-19.28,146.78,Middle,23.9340908529739,14.748287285851493
mid_ross,2026-05-22T00:00:00Z,Lutjanus argentimaculatus,0,-19.28,146.78,Middle,23.9340908529739,14.748287285851493
mid_ross,2026-05-22T00:00:00Z,Platycephalus spp.,2,-19.28,146.78,Middle,23.9340908529739,14.748287285851493
mid_ross,2026-05-23T00:00:00Z,Acanthopagrus spp.,3,-19.28,146.78,Middle,23.906584055242263,15.386230058410844
mid_ross,2026-05-23T00:00:00Z,Lates calcarifer,3,-19.28,146.78,Middle,23.906584055242263,15.386230058410844
mid_ross,2026-05-23T00:00:00Z,Lutjanus argentimaculatus,2,-19.28,146.78,Middle,23.906584055242263,15.386230058410844
mid_ross,2026-05-23T00:00:00Z,Platycephalus spp.,0,-19.28,146.78,Middle,23.906584055242263,15.386230058410844
mid_ross,2026-05-24T00:00:00Z,Acanthopagrus spp.,2,-19.28,146.78,Middle,23.89189252055382,15.4005183333218
mid_ross,2026-05-24T00:00:00Z,Lates calcarifer,1,-19.28,146.78,Middle,23.89189252055382,15.4005183333218
mid_ross,2026-05-24T00:00:00Z,Lutjanus argentimaculatus,2,-19.28,146.78,Middle,23.89189252055382,15.4005183333218
mid_ross,2026-05-24T00:00:00Z,Platycephalus spp.,1,-19.28,146.78,Middle,23.89189252055382,15.4005183333218
mid_ross,2026-05-25T00:00:00Z,Acanthopagrus spp.,4,-19.28,146.78,Middle,24.13278674969542,15.445827202377183
mid_ross,2026-05-25T00:00:00Z,Lates calcarifer,1,-19.28,146.78,Middle,24.13278674969542,15.445827202377183
mid_ross,2026-05-25T00:00:00Z,Lutjanus argentimaculatus,1,-19.28,146.78,Middle,24.13278674969542,15.445827202377183
mid_ross,2026-05-25T00:00:00Z,Platycephalus spp.,0,-19.28,146.78,Middle,24.13278674969542,15.445827202377183
mid_ross,2026-05-26T00:00:00Z,Acanthopagrus spp.,4,-19.28,146.78,Middle,24.09711436467564,14.414281060083727
mid_ross,2026-05-26T00:00:00Z,Lates calcarifer,3,-19.28,146.78,Middle,24.09711436467564,14.414281060083727
mid_ross,2026-05-26T00:00:00Z,Lutjanus argentimaculatus,3,-19.28,146.78,Middle,24.09711436467564,14.414281060083727
mid_ross,2026-05-26T00:00:00Z,Platycephalus spp.,1,-19.28,146.78,Middle,24.09711436467564,14.414281060083727
mid_ross,2026-05-27T00:00:00Z,Acanthopagrus spp.,4,-19.28,146.78,Middle,23.928806834682476,14.548786041268668
mid_ross,2026-05-27T00:00:00Z,Lates calcarifer,2,-19.28,146.78,Middle,23.928806834682476,14.548786041268668
mid_ross,2026-05-27T00:00:00Z,Lutjanus argentimaculatus,2,-19.28,146.78,Middle,23.928806834682476,14.548786041268668
mid_ross,2026-05-27T00:00:00Z,Platycephalus spp.,0,-19.28,146.78,Middle,23.928806834682476,14.548786041268668
mid_ross,2026-05-28T00:00:00Z,Acanthopagrus spp.,0,-19.28,146.78,Middle,24.184442903004527,14.771247645395984
mid_ross,2026-05-28T00:00:00Z,Lates calcarifer,1,-19.28,146.78,Middle,24.184442903004527,14.771247645395984
mid_ross,2026-05-28T00:00:00Z,Lutjanus argentimaculatus,3,-19.28,146.78,Middle,24.184442903004527,14.771247645395984
mid_ross,2026-05-28T00:00:00Z,Platycephalus spp.,1,-19.28,146.78,Middle,24.184442903004527,14.771247645395984
mid_ross,2026-05-29T00:00:00Z,Acanthopagrus spp.,3,-19.28,146.78,Middle,23.860593597403643,15.500524985832138
mid_ross,2026-05-29T00:00:00Z,Lates calcarifer,4,-19.28,146.78,Middle,23.860593597403643,15.500524985832138
mid_ross,2026-05-29T00:00:00Z,Lutjanus argentimaculatus,1,-19.28,146.78,Middle,23.860593597403643,15.500524985832138
mid_ross,2026-05-29T00:00:00Z,Platycephalus spp.,1,-19.28,146.78,Middle,23.860593597403643,15.500524985832138
mid_ross,2026-05-30T00:00:00Z,Acanthopagrus spp.,6,-19.28,146.78,Middle,24.066734869743193,14.206687282916372
mid_ross,2026-05-30T00:00:00Z,Lates calcarifer,2,-19.28,146.78,Middle,24.066734869743193,14.206687282916372
mid_ross,2026-05-30T00:00:00Z,Lutjanus argentimaculatus,0,-19.28,146.78,Middle,24.066734869743193,14.206687282916372
mid_ross,2026-05-30T00:00:00Z,Platycephalus spp.,1,-19.28,146.78,Middle,24.066734869743193,14.206687282916372
ross_mouth,2026-05-01T00:00:00Z,Acanthopagrus spp.,0,-19.25,146.83,Marine,24.111775224914243,34.08698082671796
ross_mouth,2026-05-01T00:00:00Z,Lates calcarifer,3,-19.25,146.83,Marine,24.111775224914243,34.08698082671796
ross_mouth,2026-05-01T00:00:00Z,Lutjanus argentimaculatus,2,-19.25,146.83,Marine,24.111775224914243,34.08698082671796
ross_mouth,2026-05-01T00:00:00Z,Platycephalus spp.,9,-19.25,146.83,Marine,24.111775224914243,34.08698082671796
ross_mouth,2026-05-02T00:00:00Z,Acanthopagrus spp.,3,-19.25,146.83,Marine,24.0143105931326,33.82737364844482
ross_mouth,2026-05-02T00:00:00Z,Lates calcarifer,0,-19.25,146.83,Marine,24.0143105931326,33.82737364844482
ross_mouth,2026-05-02T00:00:00Z,Lutjanus argentimaculatus,1,-19.25,146.83,Marine,24.0143105931326,33.82737364844482
ross_mouth,2026-05-02T00:00:00Z,Platycephalus spp.,4,-19.25,146.83,Marine,24.0143105931326,33.82737364844482
ross_mouth,2026-05-03T00:00:00Z,Acanthopagrus spp.,2,-19.25,146.83,Marine,23.96078937358929,33.90456148612615
ross_mouth,2026-05-03T00:00:00Z,Lates calcarifer,1,-19.25,146.83,Marine,23.96078937358929,33.90456148612615
ross_mouth,2026-05-03T00:00:00Z,Lutjanus argentimaculatus,1,-19.25,146.83,Marine,23.96078937358929,33.90456148612615
ross_mouth,2026-05-03T00:00:00Z,Platycephalus spp.,7,-19.25,146.83,Marine,23.96078937358929,33.90456148612615
ross_mouth,2026-05-04T00:00:00Z,Acanthopagrus spp.,1,-19.25,146.83,Marine,24.017288916943965,34.188275997421194
ross_mouth,2026-05-04T00:00:00Z,Lates calcarifer,2,-19.25,146.83,Marine,24.017288916943965,34.188275997421194
ross_mouth,2026-05-04T00:00:00Z,Lutjanus argentimaculatus,2,-19.25,146.83,Marine,24.017288916943965,34.188275997421194
ross_mouth,2026-05-04T00:00:00Z,Platycephalus spp.,6,-19.25,146.83,Marine,24.017288916943965,34.188275997421194
ross_mouth,2026-05-05T00:00:00Z,Acanthopagrus spp.,1,-19.25,146.83,Marine,23.81659848778806,34.05924002860217
ross_mouth,2026-05-05T00:00:00Z,Lates calcarifer,1,-19.25,146.83,Marine,23.81659848778806,34.05924002860217
ross_mouth,2026-05-05T00:00:00Z,Lutjanus argentimaculatus,0,-19.25,146.83,Marine,23.81659848778806,34.05924002860217
ross_mouth,2026-05-05T00:00:00Z,Platycephalus spp.,7,-19.25,146.83,Marine,23.81659848778806,34.05924002860217
ross_mouth,2026-05-06T00:00:00Z,Acanthopagrus spp.,1,-19.25,146.83,Marine,23.91571091948713,33.92384504870752
ross_mouth,2026-05-06T00:00:00Z,Lates calcarifer,1,-19.25,146.83,Marine,23.91571091948713,33.92384504870752
ross_mouth,2026-05-06T00:00:00Z,Lutjanus argentimaculatus,1,-19.25,146.83,Marine,23.91571091948713,33.92384504870752
ross_mouth,2026-05-06T00:00:00Z,Platycephalus spp.,6,-19.25,146.83,Marine,23.91571091948713,33.92384504870752
ross_mouth,2026-05-07T00:00:00Z,Acanthopagrus spp.,3,-19.25,146.83,Marine,23.998850574572,33.834715300969926
ross_mouth,2026-05-07T00:00:00Z,Lates calcarifer,1,-19.25,146.83,Marine,23.998850574572,33.834715300969926
ross_mouth,2026-05-07T00:00:00Z,Lutjanus argentimaculatus,2,-19.25,146.83,Marine,23.998850574572,33.834715300969926
ross_mouth,2026-05-07T00:00:00Z,Platycephalus spp.,6,-19.25,146.83,Marine,23.998850574572,33.834715300969926
ross_mouth,2026-05-08T00:00:00Z,Acanthopagrus spp.,1,-19.25,146.83,Marine,24.257349407129567,34.018682953654285
ross_mouth,2026-05-08T00:00:00Z,Lates calcarifer,1,-19.25,146.83,Marine,24.257349407129567,34.018682953654285
ross_mouth,2026-05-08T00:00:00Z,Lutjanus argentimaculatus,2,-19.25,146.83,Marine,24.257349407129567,34.018682953654285
ross_mouth,2026-05-08T00:00:00Z,Platycephalus spp.,5,-19.25,146.83,Marine,24.257349407129567,34.018682953654285
ross_mouth,2026-05-09T00:00:00Z,Acanthopagrus spp.,4,-19.25,146.83,Marine,23.713550591216833,33.93157329535426
ross_mouth,2026-05-09T00:00:00Z,Lates calcarifer,1,-19.25,146.83,Marine,23.713550591216833,33.93157329535426
ross_mouth,2026-05-09T00:00:00Z,Lutjanus argentimaculatus,2,-19.25,146.83,Marine,23.713550591216833,33.93157329535426
ross_mouth,2026-05-09T00:00:00Z,Platycephalus spp.,6,-19.25,146.83,Marine,23.713550591216833,33.93157329535426
ross_mouth,2026-05-10T00:00:00Z,Acanthopagrus spp.,1,-19.25,146.83,Marine,23.644591909110783,34.07272628849433
ross_mouth,2026-05-10T00:00:00Z,Lates calcarifer,4,-19.25,146.83,Marine,23.644591909110783,34.07272628849433
ross_mouth,2026-05-10T00:00:00Z,Lutjanus argentimaculatus,1,-19.25,146.83,Marine,23.644591909110783,34.07272628849433
ross_mouth,2026-05-10T00:00:00Z,Platycephalus spp.,5,-19.25,146.83,Marine,23.644591909110783,34.07272628849433
ross_mouth,2026-05-11T00:00:00Z,Acanthopagrus spp.,2,-19.25,146.83,Marine,24.28245659292535,34.249676826420135
ross_mouth,2026-05-11T00:00:00Z,Lates calcarifer,1,-19.25,146.83,Marine,24.28245659292535,34.249676826420135
ross_mouth,2026-05-11T00:00:00Z,Lutjanus argentimaculatus,2,-19.25,146.83,Marine,24.28245659292535,34.249676826420135
ross_mouth,2026-05-11T00:00:00Z,Platycephalus spp.,4,-19.25,146.83,Marine,24.28245659292535,34.249676826420135
ross_mouth,2026-05-12T00:00:00Z,Acanthopagrus spp.,2,-19.25,146.83,Marine,23.893202918170076,34.049731987629265
ross_mouth,2026-05-12T00:00:00Z,Lates calcarifer,0,-19.25,146.83,Marine,23.893202918170076,34.049731987629265
ross_mouth,2026-05-12T00:00:00Z,Lutjanus argentimaculatus,0,-19.25,146.83,Marine,23.893202918170076,34.049731987629265
ross_mouth,2026-05-12T00:00:00Z,Platycephalus spp.,6,-19.25,146.83,Marine,23.893202918170076,34.049731987629265
ross_mouth,2026-05-13T00:00:00Z,Acanthopagrus spp.,3,-19.25,146.83,Marine,23.997676589266387,34.07694180407664
ross_mouth,2026-05-13T00:00:00Z,Lates calcarifer,1,-19.25,146.83,Marine,23.997676589266387,34.07694180407664
ross_mouth,2026-05-13T00:00:00Z,Lutjanus argentimaculatus,3,-19.25,146.83,Marine,23.997676589266387,34.07694180407664
ross_mouth,2026-05-13T00:00:00Z,Platycephalus spp.,4,-19.25,146.83,Marine,23.997676589266387,34.07694180407664
ross_mouth,2026-05-14T00:00:00Z,Acanthopagrus spp.,3,-19.25,146.83,Marine,23.65359366656295,33.977167962096026
ross_mouth,2026-05-14T00:00:00Z,Lates calcarifer,1,-19.25,146.83,Marine,23.65359366656295,33.977167962096026
ross_mouth,2026-05-14T00:00:00Z,Lutjanus argentimaculatus,3,-19.25,146.83,Marine,23.65359366656295,33.977167962096026
ross_mouth,2026-05-14T00:00:00Z,Platycephalus spp.,6,-19.25,146.83,Marine,23.65359366656295,33.977167962096026
ross_mouth,2026-05-15T00:00:00Z,Acanthopagrus spp.,1,-19.25,146.83,Marine,23.94972493763403,34.13671563782858
ross_mouth,2026-05-15T00:00:00Z,Lates calcarifer,4,-19.25,146.83,Marine,23.94972493763403,34.13671563782858
ross_mouth,2026-05-15T00:00:00Z,Lutjanus argentimaculatus,0,-19.25,146.83,Marine,23.94972493763403,34.13671563782858
ross_mouth,2026-05-15T00:00:00Z,Platycephalus spp.,6,-19.25,146.83,Marine,23.94972493763403,34.13671563782858
ross_mouth,2026-05-16T00:00:00Z,Acanthopagrus spp.,1,-19.25,146.83,Marine,24.088865904974938,34.173973296061185
ross_mouth,2026-05-16T00:00:00Z,Lates calcarifer,1,-19.25,146.83,Marine,24.088865904974938,34.173973296061185
ross_mouth,2026-05-16T00:00:00Z,Lutjanus argentimaculatus,1,-19.25,146.83,Marine,24.088865904974938,34.173973296061185
ross_mouth,2026-05-16T00:00:00Z,Platycephalus spp.,4,-19.25,146.83,Marine,24.088865904974938,34.173973296061185
ross_mouth,2026-05-17T00:00:00Z,Acanthopagrus spp.,4,-19.25,146.83,Marine,24.057291926820756,33.852896924468496
ross_mouth,2026-05-17T00:00:00Z,Lates calcarifer,1,-19.25,146.83,Marine,24.057291926820756,33.852896924468496
ross_mouth,2026-05-17T00:00:00Z,Lutjanus argentimaculatus,0,-19.25,146.83,Marine,24.057291926820756,33.852896924468496
ross_mouth,2026-05-17T00:00:00Z,Platycephalus spp.,5,-19.25,146.83,Marine,24.057291926820756,33.852896924468496
ross_mouth,2026-05-18T00:00:00Z,Acanthopagrus spp.,0,-19.25,146.83,Marine,24.023246762252896,34.023857235797934
ross_mouth,2026-05-18T00:00:00Z,Lates calcarifer,2,-19.25,146.83,Marine,24.023246762252896,34.023857235797934
ross_mouth,2026-05-18T00:00:00Z,Lutjanus argentimaculatus,2,-19.25,146.83,Marine,24.023246762252896,34.023857235797934
ross_mouth,2026-05-18T00:00:00Z,Platycephalus spp.,4,-19.25,146.83,Marine,24.023246762252896,34.023857235797934
ross_mouth,2026-05-19T00:00:00Z,Acanthopagrus spp.,7,-19.25,146.83,Marine,23.832666323513525,34.03307206234111
ross_mouth,2026-05-19T00:00:00Z,Lates calcarifer,0,-19.25,146.83,Marine,23.832666323513525,34.03307206234111
ross_mouth,2026-05-19T00:00:00Z,Lutjanus argentimaculatus,1,-19.25,146.83,Marine,23.832666323513525,34.03307206234111
ross_mouth,2026-05-19T00:00:00Z,Platycephalus spp.,6,-19.25,146.83,Marine,23.832666323513525,34.03307206234111
ross_mouth,2026-05-20T00:00:00Z,Acanthopagrus spp.,0,-19.25,146.83,Marine,23.996775048086345,34.12611270440528
ross_mouth,2026-05-20T00:00:00Z,Lates calcarifer,1,-19.25,146.83,Marine,23.996775048086345,34.12611270440528
ross_mouth,2026-05-20T00:00:00Z,Lutjanus argentimaculatus,2,-19.25,146.83,Marine,23.996775048086345,34.12611270440528
ross_mouth,2026-05-20T00:00:00Z,Platycephalus spp.,7,-19.25,146.83,Marine,23.996775048086345,34.12611270440528
ross_mouth,2026-05-21T00:00:00Z,Acanthopagrus spp.,2,-19.25,146.83,Marine,23.85303494400937,33.93125356985301
ross_mouth,2026-05-21T00:00:00Z,Lates calcarifer,1,-19.25,146.83,Marine,23.85303494400937,33.93125356985301
ross_mouth,2026-05-21T00:00:00Z,Lutjanus argentimaculatus,2,-19.25,146.83,Marine,23.85303494400937,33.93125356985301
ross_mouth,2026-05-21T00:00:00Z,Platycephalus spp.,6,-19.25,146.83,Marine,23.85303494400937,33.93125356985301
ross_mouth,2026-05-22T00:00:00Z,Acanthopagrus spp.,3,-19.25,146.83,Marine,23.826895077598934,34.05044189601314
ross_mouth,2026-05-22T00:00:00Z,Lates calcarifer,4,-19.25,146.83,Marine,23.826895077598934,34.05044189601314
ross_mouth,2026-05-22T00:00:00Z,Lutjanus argentimaculatus,1,-19.25,146.83,Marine,23.826895077598934,34.05044189601314
ross_mouth,2026-05-22T00:00:00Z,Platycephalus spp.,4,-19.25,146.83,Marine,23.826895077598934,34.05044189601314
ross_mouth,2026-05-23T00:00:00Z,Acanthopagrus spp.,1,-19.25,146.83,Marine,24.25524039999102,33.980984537453
ross_mouth,2026-05-23T00:00:00Z,Lates calcarifer,1,-19.25,146.83,Marine,24.25524039999102,33.980984537453
ross_mouth,2026-05-23T00:00:00Z,Lutjanus argentimaculatus,2,-19.25,146.83,Marine,24.25524039999102,33.980984537453
ross_mouth,2026-05-23T00:00:00Z,Platycephalus spp.,5,-19.25,146.83,Marine,24.25524039999102,33.980984537453
ross_mouth,2026-05-24T00:00:00Z,Acanthopagrus spp.,4,-19.25,146.83,Marine,23.817920667237882,34.01301838449456
ross_mouth,2026-05-24T00:00:00Z,Lates calcarifer,1,-19.25,146.83,Marine,23.817920667237882,34.01301838449456
ross_mouth,2026-05-24T00:00:00Z,Lutjanus argentimaculatus,5,-19.25,146.83,Marine,23.817920667237882,34.01301838449456
ross_mouth,2026-05-24T00:00:00Z,Platycephalus spp.,5,-19.25,146.83,Marine,23.817920667237882,34.01301838449456
ross_mouth,2026-05-25T00:00:00Z,Acanthopagrus spp.,3,-19.25,146.83,Marine,24.28413349227921,34.02355410298673
ross_mouth,2026-05-25T00:00:00Z,Lates calcarifer,4,-19.25,146.83,Marine,24.28413349227921,34.02355410298673
ross_mouth,2026-05-25T00:00:00Z,Lutjanus argentimaculatus,1,-19.25,146.83,Marine,24.28413349227921,34.02355410298673
ross_mouth,2026-05-25T00:00:00Z,Platycephalus spp.,7,-19.25,146.83,Marine,24.28413349227921,34.02355410298673
ross_mouth,2026-05-26T00:00:00Z,Acanthopagrus spp.,1,-19.25,146.83,Marine,23.932945035029785,33.99903267108698
ross_mouth,2026-05-26T00:00:00Z,Lates calcarifer,5,-19.25,146.83,Marine,23.932945035029785,33.99903267108698
ross_mouth,2026-05-26T00:00:00Z,Lutjanus argentimaculatus,0,-19.25,146.83,Marine,23.932945035029785,33.99903267108698
ross_mouth,2026-05-26T00:00:00Z,Platycephalus spp.,8,-19.25,146.83,Marine,23.932945035029785,33.99903267108698
ross_mouth,2026-05-27T00:00:00Z,Acanthopagrus spp.,2,-19.25,146.83,Marine,23.792907818348827,33.93273274343932
ross_mouth,2026-05-27T00:00:00Z,Lates calcarifer,1,-19.25,146.83,Marine,23.792907818348827,33.93273274343932
ross_mouth,2026-05-27T00:00:00Z,Lutjanus argentimaculatus,0,-19.25,146.83,Marine,23.792907818348827,33.93273274343932
ross_mouth,2026-05-27T00:00:00Z,Platycephalus spp.,7,-19.25,146.83,Marine,23.792907818348827,33.93273274343932
ross_mouth,2026-05-28T00:00:00Z,Acanthopagrus spp.,6,-19.25,146.83,Marine,23.766779852659898,34.02235531961542
ross_mouth,2026-05-28T00:00:00Z,Lates calcarifer,0,-19.25,146.83,Marine,23.766779852659898,34.02235531961542
ross_mouth,2026-05-28T00:00:00Z,Lutjanus argentimaculatus,2,-19.25,146.83,Marine,23.766779852659898,34.02235531961542
ross_mouth,2026-05-28T00:00:00Z,Platycephalus spp.,5,-19.25,146.83,Marine,23.766779852659898,34.02235531961542
ross_mouth,2026-05-29T00:00:00Z,Acanthopagrus spp.,7,-19.25,146.83,Marine,24.032464322766195,34.16731834611233
ross_mouth,2026-05-29T00:00:00Z,Lates calcarifer,1,-19.25,146.83,Marine,24.032464322766195,34.16731834611233
ross_mouth,2026-05-29T00:00:00Z,Lutjanus argentimaculatus,1,-19.25,146.83,Marine,24.032464322766195,34.16731834611233
ross_mouth,2026-05-29T00:00:00Z,Platycephalus spp.,6,-19.25,146.83,Marine,24.032464322766195,34.16731834611233
ross_mouth,2026-05-30T00:00:00Z,Acanthopagrus spp.,1,-19.25,146.83,Marine,23.90304691731786,33.98601485678379
ross_mouth,2026-05-30T00:00:00Z,Lates calcarifer,2,-19.25,146.83,Marine,23.90304691731786,33.98601485678379
ross_mouth,2026-05-30T00:00:00Z,Lutjanus argentimaculatus,3,-19.25,146.83,Marine,23.90304691731786,33.98601485678379
ross_mouth,2026-05-30T00:00:00Z,Platycephalus spp.,4,-19.25,146.83,Marine,23.90304691731786,33.98601485678379
upper_ross,2026-05-01T00:00:00Z,Acanthopagrus spp.,2,-19.31,146.74,Upstream,24.05739389768456,4.88362949760377
upper_ross,2026-05-01T00:00:00Z,Lates calcarifer,5,-19.31,146.74,Upstream,24.05739389768456,4.88362949760377
upper_ross,2026-05-01T00:00:00Z,Lutjanus argentimaculatus,0,-19.31,146.74,Upstream,24.05739389768456,4.88362949760377
upper_ross,2026-05-01T00:00:00Z,Platycephalus spp.,6,-19.31,146.74,Upstream,24.05739389768456,4.88362949760377
upper_ross,2026-05-02T00:00:00Z,Acanthopagrus spp.,2,-19.31,146.74,Upstream,23.921000592366777,4.9073391784607825
upper_ross,2026-05-02T00:00:00Z,Lates calcarifer,8,-19.31,146.74,Upstream,23.921000592366777,4.9073391784607825
upper_ross,2026-05-02T00:00:00Z,Lutjanus argentimaculatus,1,-19.31,146.74,Upstream,23.921000592366777,4.9073391784607825
upper_ross,2026-05-02T00:00:00Z,Platycephalus spp.,4,-19.31,146.74,Upstream,23.921000592366777,4.9073391784607825
upper_ross,2026-05-03T00:00:00Z,Acanthopagrus spp.,2,-19.31,146.74,Upstream,23.86275587153061,4.986486670191827
upper_ross,2026-05-03T00:00:00Z,Lates calcarifer,4,-19.31,146.74,Upstream,23.86275587153061,4.986486670191827
upper_ross,2026-05-03T00:00:00Z,Lutjanus argentimaculatus,0,-19.31,146.74,Upstream,23.86275587153061,4.986486670191827
upper_ross,2026-05-03T00:00:00Z,Platycephalus spp.,0,-19.31,146.74,Upstream,23.86275587153061,4.986486670191827
upper_ross,2026-05-04T00:00:00Z,Acanthopagrus spp.,2,-19.31,146.74,Upstream,23.91530170907627,4.653833368467849
upper_ross,2026-05-04T00:00:00Z,Lates calcarifer,5,-19.31,146.74,Upstream,23.91530170907627,4.653833368467849
upper_ross,2026-05-04T00:00:00Z,Lutjanus argentimaculatus,3,-19.31,146.74,Upstream,23.91530170907627,4.653833368467849
upper_ross,2026-05-04T00:00:00Z,Platycephalus spp.,0,-19.31,146.74,Upstream,23.91530170907627,4.653833368467849
upper_ross,2026-05-05T00:00:00Z,Acanthopagrus spp.,2,-19.31,146.74,Upstream,24.159606273193866,4.829626146286956
upper_ross,2026-05-05T00:00:00Z,Lates calcarifer,6,-19.31,146.74,Upstream,24.159606273193866,4.829626146286956
upper_ross,2026-05-05T00:00:00Z,Lutjanus argentimaculatus,2,-19.31,146.74,Upstream,24.159606273193866,4.829626146286956
upper_ross,2026-05-05T00:00:00Z,Platycephalus spp.,0,-19.31,146.74,Upstream,24.159606273193866,4.829626146286956
upper_ross,2026-05-06T00:00:00Z,Acanthopagrus spp.,2,-19.31,146.74,Upstream,23.9716615259673,5.25531137278478
upper_ross,2026-05-06T00:00:00Z,Lates calcarifer,7,-19.31,146.74,Upstream,23.9716615259673,5.25531137278478
upper_ross,2026-05-06T00:00:00Z,Lutjanus argentimaculatus,3,-19.31,146.74,Upstream,23.9716615259673,5.25531137278478
upper_ross,2026-05-06T00:00:00Z,Platycephalus spp.,2,-19.31,146.74,Upstream,23.9716615259673,5.25531137278478
upper_ross,2026-05-07T00:00:00Z,Acanthopagrus spp.,5,-19.31,146.74,Upstream,23.690835141798875,4.7848989795968935
upper_ross,2026-05-07T00:00:00Z,Lates calcarifer,4,-19.31,146.74,Upstream,23.690835141798875,4.7848989795968935
upper_ross,2026-05-07T00:00:00Z,Lutjanus argentimaculatus,1,-19.31,146.74,Upstream,23.690835141798875,4.7848989795968935
upper_ross,2026-05-07T00:00:00Z,Platycephalus spp.,5,-19.31,146.74,Upstream,23.690835141798875,4.7848989795968935
upper_ross,2026-05-08T00:00:00Z,Acanthopagrus spp.,2,-19.31,146.74,Upstream,23.831453586381983,5.003954053091254
upper_ross,2026-05-08T00:00:00Z,Lates calcarifer,4,-19.31,146.74,Upstream,23.831453586381983,5.003954053091254
upper_ross,2026-05-08T00:00:00Z,Lutjanus argentimaculatus,1,-19.31,146.74,Upstream,23.831453586381983,5.003954053091254
upper_ross,2026-05-08T00:00:00Z,Platycephalus spp.,1,-19.31,146.74,Upstream,23.831453586381983,5.003954053091254
upper_ross,2026-05-09T00:00:00Z,Acanthopagrus spp.,1,-19.31,146.74,Upstream,24.061422083671015,4.756500426585427
upper_ross,2026-05-09T00:00:00Z,Lates calcarifer,3,-19.31,146.74,Upstream,24.061422083671015,4.756500426585427
upper_ross,2026-05-09T00:00:00Z,Lutjanus argentimaculatus,2,-19.31,146.74,Upstream,24.061422083671015,4.756500426585427
upper_ross,2026-05-09T00:00:00Z,Platycephalus spp.,2,-19.31,146.74,Upstream,24.061422083671015,4.756500426585427
upper_ross,2026-05-10T00:00:00Z,Acanthopagrus spp.,4,-19.31,146.74,Upstream,24.142182751697586,4.896169178793564
upper_ross,2026-05-10T00:00:00Z,Lates calcarifer,3,-19.31,146.74,Upstream,24.142182751697586,4.896169178793564
upper_ross,2026-05-10T00:00:00Z,Lutjanus argentimaculatus,3,-19.31,146.74,Upstream,24.142182751697586,4.896169178793564
upper_ross,2026-05-10T00:00:00Z,Platycephalus spp.,1,-19.31,146.74,Upstream,24.142182751697586,4.896169178793564
upper_ross,2026-05-11T00:00:00Z,Acanthopagrus spp.,5,-19.31,146.74,Upstream,23.93763570447984,4.912673201619338
upper_ross,2026-05-11T00:00:00Z,Lates calcarifer,6,-19.31,146.74,Upstream,23.93763570447984,4.912673201619338
upper_ross,2026-05-11T00:00:00Z,Lutjanus argentimaculatus,4,-19.31,146.74,Upstream,23.93763570447984,4.912673201619338
upper_ross,2026-05-11T00:00:00Z,Platycephalus spp.,2,-19.31,146.74,Upstream,23.93763570447984,4.912673201619338
upper_ross,2026-05-12T00:00:00Z,Acanthopagrus spp.,1,-19.31,146.74,Upstream,24.193720661769138,4.835838156334448
upper_ross,2026-05-12T00:00:00Z,Lates calcarifer,7,-19.31,146.74,Upstream,24.193720661769138,4.835838156334448
upper_ross,2026-05-12T00:00:00Z,Lutjanus argentimaculatus,3,-19.31,146.74,Upstream,24.193720661769138,4.835838156334448
upper_ross,2026-05-12T00:00:00Z,Platycephalus spp.,3,-19.31,146.74,Upstream,24.193720661769138,4.835838156334448
upper_ross,2026-05-13T00:00:00Z,Acanthopagrus spp.,5,-19.31,146.74,Upstream,23.945044949410274,5.088606927286365
upper_ross,2026-05-13T00:00:00Z,Lates calcarifer,4,-19.31,146.74,Upstream,23.945044949410274,5.088606927286365
upper_ross,2026-05-13T00:00:00Z,Lutjanus argentimaculatus,3,-19.31,146.74,Upstream,23.945044949410274,5.088606927286365
upper_ross,2026-05-13T00:00:00Z,Platycephalus spp.,6,-19.31,146.74,Upstream,23.945044949410274,5.088606927286365
upper_ross,2026-05-14T00:00:00Z,Acanthopagrus spp.,3,-19.31,146.74,Upstream,24.1503699794915,4.61878564115621
upper_ross,2026-05-14T00:00:00Z,Lates calcarifer,5,-19.31,146.74,Upstream,24.1503699794915,4.61878564115621
upper_ross,2026-05-14T00:00:00Z,Lutjanus argentimaculatus,2,-19.31,146.74,Upstream,24.1503699794915,4.61878564115621
upper_ross,2026-05-14T00:00:00Z,Platycephalus spp.,4,-19.31,146.74,Upstream,24.1503699794915,4.61878564115621
upper_ross,2026-05-15T00:00:00Z,Acanthopagrus spp.,6,-19.31,146.74,Upstream,24.146633207587485,4.919669392413749
upper_ross,2026-05-15T00:00:00Z,Lates calcarifer,4,-19.31,146.74,Upstream,24.146633207587485,4.919669392413749
upper_ross,2026-05-15T00:00:00Z,Lutjanus argentimaculatus,3,-19.31,146.74,Upstream,24.146633207587485,4.919669392413749
upper_ross,2026-05-15T00:00:00Z,Platycephalus spp.,3,-19.31,146.74,Upstream,24.146633207587485,4.919669392413749
upper_ross,2026-05-16T00:00:00Z,Acanthopagrus spp.,2,-19.31,146.74,Upstream,23.808030469665727,4.7336331608748266
upper_ross,2026-05-16T00:00:00Z,Lates calcarifer,3,-19.31,146.74,Upstream,23.808030469665727,4.7336331608748266
upper_ross,2026-05-16T00:00:00Z,Lutjanus argentimaculatus,1,-19.31,146.74,Upstream,23.808030469665727,4.7336331608748266
upper_ross,2026-05-16T00:00:00Z,Platycephalus spp.,1,-19.31,146.74,Upstream,23.808030469665727,4.7336331608748266
upper_ross,2026-05-17T00:00:00Z,Acanthopagrus spp.,5,-19.31,146.74,Upstream,24.190622238548897,5.040682806311625
upper_ross,2026-05-17T00:00:00Z,Lates calcarifer,10,-19.31,146.74,Upstream,24.190622238548897,5.040682806311625
upper_ross,2026-05-17T00:00:00Z,Lutjanus argentimaculatus,2,-19.31,146.74,Upstream,24.190622238548897,5.040682806311625
upper_ross,2026-05-17T00:00:00Z,Platycephalus spp.,2,-19.31,146.74,Upstream,24.190622238548897,5.040682806311625
upper_ross,2026-05-18T00:00:00Z,Acanthopagrus spp.,1,-19.31,146.74,Upstream,23.933709939087862,5.310633277578579
upper_ross,2026-05-18T00:00:00Z,Lates calcarifer,3,-19.31,146.74,Upstream,23.933709939087862,5.310633277578579
upper_ross,2026-05-18T00:00:00Z,Lutjanus argentimaculatus,2,-19.31,146.74,Upstream,23.933709939087862,5.310633277578579
upper_ross,2026-05-18T00:00:00Z,Platycephalus spp.,1,-19.31,146.74,Upstream,23.933709939087862,5.310633277578579
upper_ross,2026-05-19T00:00:00Z,Acanthopagrus spp.,2,-19.31,146.74,Upstream,24.094463644638978,5.110463004286526
upper_ross,2026-05-19T00:00:00Z,Lates calcarifer,3,-19.31,146.74,Upstream,24.094463644638978,5.110463004286526
upper_ross,2026-05-19T00:00:00Z,Lutjanus argentimaculatus,1,-19.31,146.74,Upstream,24.094463644638978,5.110463004286526
upper_ross,2026-05-19T00:00:00Z,Platycephalus spp.,1,-19.31,146.74,Upstream,24.094463644638978,5.110463004286526
upper_ross,2026-05-20T00:00:00Z,Acanthopagrus spp.,1,-19.31,146.74,Upstream,24.085067832724526,5.1245296741689135
upper_ross,2026-05-20T00:00:00Z,Lates calcarifer,4,-19.31,146.74,Upstream,24.085067832724526,5.1245296741689135
upper_ross,2026-05-20T00:00:00Z,Lutjanus argentimaculatus,2,-19.31,146.74,Upstream,24.085067832724526,5.1245296741689135
upper_ross,2026-05-20T00:00:00Z,Platycephalus spp.,3,-19.31,146.74,Upstream,24.085067832724526,5.1245296741689135
upper_ross,2026-05-21T00:00:00Z,Acanthopagrus spp.,5,-19.31,146.74,Upstream,24.155537457699552,4.858176878300381
upper_ross,2026-05-21T00:00:00Z,Lates calcarifer,4,-19.31,146.74,Upstream,24.155537457699552,4.858176878300381
upper_ross,2026-05-21T00:00:00Z,Lutjanus argentimaculatus,2,-19.31,146.74,Upstream,24.155537457699552,4.858176878300381
upper_ross,2026-05-21T00:00:00Z,Platycephalus spp.,3,-19.31,146.74,Upstream,24.155537457699552,4.858176878300381
upper_ross,2026-05-22T00:00:00Z,Acanthopagrus spp.,4,-19.31,146.74,Upstream,24.113932390268044,4.616554067732359
upper_ross,2026-05-22T00:00:00Z,Lates calcarifer,5,-19.31,146.74,Upstream,24.113932390268044,4.616554067732359
upper_ross,2026-05-22T00:00:00Z,Lutjanus argentimaculatus,0,-19.31,146.74,Upstream,24.113932390268044,4.616554067732359
upper_ross,2026-05-22T00:00:00Z,Platycephalus spp.,3,-19.31,146.74,Upstream,24.113932390268044,4.616554067732359
upper_ross,2026-05-23T00:00:00Z,Acanthopagrus spp.,3,-19.31,146.74,Upstream,23.82309138348403,5.140223276104231
upper_ross,2026-05-23T00:00:00Z,Lates calcarifer,5,-19.31,146.74,Upstream,23.82309138348403,5.140223276104231
upper_ross,2026-05-23T00:00:00Z,Lutjanus argentimaculatus,2,-19.31,146.74,Upstream,23.82309138348403,5.140223276104231
upper_ross,2026-05-23T00:00:00Z,Platycephalus spp.,5,-19.31,146.74,Upstream,23.82309138348403,5.140223276104231
upper_ross,2026-05-24T00:00:00Z,Acanthopagrus spp.,0,-19.31,146.74,Upstream,24.042478956510838,5.035187133881739
upper_ross,2026-05-24T00:00:00Z,Lates calcarifer,3,-19.31,146.74,Upstream,24.042478956510838,5.035187133881739
upper_ross,2026-05-24T00:00:00Z,Lutjanus argentimaculatus,4,-19.31,146.74,Upstream,24.042478956510838,5.035187133881739
upper_ross,2026-05-24T00:00:00Z,Platycephalus spp.,2,-19.31,146.74,Upstream,24.042478956510838,5.035187133881739
upper_ross,2026-05-25T00:00:00Z,Acanthopagrus spp.,1,-19.31,146.74,Upstream,23.97838288443249,5.1145672032382485
upper_ross,2026-05-25T00:00:00Z,Lates calcarifer,6,-19.31,146.74,Upstream,23.97838288443249,5.1145672032382485
upper_ross,2026-05-25T00:00:00Z,Lutjanus argentimaculatus,4,-19.31,146.74,Upstream,23.97838288443249,5.1145672032382485
upper_ross,2026-05-25T00:00:00Z,Platycephalus spp.,5,-19.31,146.74,Upstream,23.97838288443249,5.1145672032382485
upper_ross,2026-05-26T00:00:00Z,Acanthopagrus spp.,1,-19.31,146.74,Upstream,24.079264798707662,4.793345263568167
upper_ross,2026-05-26T00:00:00Z,Lates calcarifer,4,-19.31,146.74,Upstream,24.079264798707662,4.793345263568167
upper_ross,2026-05-26T00:00:00Z,Lutjanus argentimaculatus,1,-19.31,146.74,Upstream,24.079264798707662,4.793345263568167
upper_ross,2026-05-26T00:00:00Z,Platycephalus spp.,0,-19.31,146.74,Upstream,24.079264798707662,4.793345263568167
upper_ross,2026-05-27T00:00:00Z,Acanthopagrus spp.,2,-19.31,146.74,Upstream,23.899367567076766,4.917929643631086
upper_ross,2026-05-27T00:00:00Z,Lates calcarifer,4,-19.31,146.74,Upstream,23.899367567076766,4.917929643631086
upper_ross,2026-05-27T00:00:00Z,Lutjanus argentimaculatus,1,-19.31,146.74,Upstream,23.899367567076766,4.917929643631086
upper_ross,2026-05-27T00:00:00Z,Platycephalus spp.,0,-19.31,146.74,Upstream,23.899367567076766,4.917929643631086
upper_ross,2026-05-28T00:00:00Z,Acanthopagrus spp.,0,-19.31,146.74,Upstream,23.740017476861027,5.033286323369626
upper_ross,2026-05-28T00:00:00Z,Lates calcarifer,3,-19.31,146.74,Upstream,23.740017476861027,5.033286323369626
upper_ross,2026-05-28T00:00:00Z,Lutjanus argentimaculatus,1,-19.31,146.74,Upstream,23.740017476861027,5.033286323369626
upper_ross,2026-05-28T00:00:00Z,Platycephalus spp.,1,-19.31,146.74,Upstream,23.740017476861027,5.033286323369626
upper_ross,2026-05-29T00:00:00Z,Acanthopagrus spp.,4,-19.31,146.74,Upstream,24.186713158671793,5.313397769844918
upper_ross,2026-05-29T00:00:00Z,Lates calcarifer,6,-19.31,146.74,Upstream,24.186713158671793,5.313397769844918
upper_ross,2026-05-29T00:00:00Z,Lutjanus argentimaculatus,2,-19.31,146.74,Upstream,24.186713158671793,5.313397769844918
upper_ross,2026-05-29T00:00:00Z,Platycephalus spp.,1,-19.31,146.74,Upstream,24.186713158671793,5.313397769844918
upper_ross,2026-05-30T00:00:00Z,Acanthopagrus spp.,2,-19.31,146.74,Upstream,24.010381404577473,4.919844370261769
upper_ross,2026-05-30T00:00:00Z,Lates calcarifer,6,-19.31,146.74,Upstream,24.010381404577473,4.919844370261769
upper_ross,2026-05-30T00:00:00Z,Lutjanus argentimaculatus,1,-19.31,146.74,Upstream,24.010381404577473,4.919844370261769
upper_ross,2026-05-30T00:00:00Z,Platycephalus spp.,2,-19.31,146.74,Upstream,24.010381404577473,4.919844370261769
